model,accuracy,precision,recall,f1
KNN,0.6926829268292682,0.6944444444444444,0.7142857142857143,0.704225352112676
SVM,0.7170731707317073,0.7079646017699115,0.7619047619047619,0.7339449541284404
Decision Tree,0.8341463414634146,0.8446601941747572,0.8285714285714286,0.8365384615384616
Gradient Boosting,0.9707317073170731,0.9714285714285714,0.9714285714285714,0.9714285714285714
AdaBoost,0.9707317073170731,0.9626168224299065,0.9809523809523809,0.9716981132075472
XGBoost,0.9560975609756097,0.9705882352941176,0.9428571428571428,0.9565217391304348
