model,accuracy,precision,recall,f1
KNN,0.548,0.20352941176470588,0.4325,0.2768
SVM,0.731,0.19736842105263158,0.1125,0.14331210191082802
Decision Tree,0.8,0.0,0.0,0.0
Gradient Boosting,0.799,0.0,0.0,0.0
AdaBoost,0.793,0.23076923076923078,0.015,0.028169014084507043
XGBoost,0.7995,0.0,0.0,0.0
